-- 插入基础数据
-- 实验室试剂管理系统基础数据

-- 插入实验室数据
INSERT INTO laboratories (id, name, description, location, contact_person, contact_phone) VALUES
('550e8400-e29b-41d4-a716-446655440001', '生物医学工程实验室', '主要从事生物医学工程相关研究', '主要从事生物医学工程相关研究', '张教授', '13800138001'),
('550e8400-e29b-41d4-a716-446655440002', '化学分析实验室', '专业化学分析与检测实验室', '科技楼2楼201室', '李教授', '13800138002'),
('550e8400-e29b-41d4-a716-446655440003', '材料科学实验室', '材料合成与性能测试实验室', '材料合成与性能测试实验室', '王教授', '13800138003');

-- 插入演示用户数据（密码：123456）
INSERT INTO users (id, username, password_hash, email, name, role, laboratory_id, student_id, phone) VALUES
('550e8400-e29b-41d4-a716-446655440011', 'admin', '8d969eef6ecad3c29a3a629280e686cf0c3f5d5a86aff3ca12020c923adc6c92', 'admin@lab.com', '系统管理员', 'admin', NULL, NULL, '13700137001'),
('550e8400-e29b-41d4-a716-446655440012', 'teacher', '8d969eef6ecad3c29a3a629280e686cf0c3f5d5a86aff3ca12020c923adc6c92', 'teacher@lab.com', '张教授', 'teacher', '550e8400-e29b-41d4-a716-446655440001', NULL, '13800138001'),
('550e8400-e29b-41d4-a716-446655440013', 'teacher2', '8d969eef6ecad3c29a3a629280e686cf0c3f5d5a86aff3ca12020c923adc6c92', 'teacher2@lab.com', '李教授', 'teacher', '550e8400-e29b-41d4-a716-446655440002', NULL, '13800138002'),
('550e8400-e29b-41d4-a716-446655440014', 'student', '8d969eef6ecad3c29a3a629280e686cf0c3f5d5a86aff3ca12020c923adc6c92', 'student@lab.com', '张同学', 'student', '550e8400-e29b-41d4-a716-446655440001', '2021001', '13900139001'),
('550e8400-e29b-41d4-a716-446655440015', 'student2', '8d969eef6ecad3c29a3a629280e686cf0c3f5d5a86aff3ca12020c923adc6c92', 'student2@lab.com', '李同学', 'student', '550e8400-e29b-41d4-a716-446655440001', '2021002', '13900139002'),
('550e8400-e29b-41d4-a716-446655440016', 'student3', '8d969eef6ecad3c29a3a629280e686cf0c3f5d5a86aff3ca12020c923adc6c92', 'student3@lab.com', '王同学', 'student', '550e8400-e29b-41d4-a716-446655440002', '2021003', '13900139003');

-- 插入试剂数据
INSERT INTO reagents (id, name, cas_number, molecular_formula, molecular_weight, purity, manufacturer, supplier, category, hazard_level, storage_conditions, description) VALUES
('550e8400-e29b-41d4-a716-446655440101', '乙醇', '64-17-5', 'C2H6O', 46.0684, '99.5%', '国药集团', '国药试剂', '有机溶剂', '易燃', '阴凉干燥处保存，远离火源', '分析纯乙醇，用于溶剂和清洗'),
('550e8400-e29b-41d4-a716-446655440102', '甲醇', '67-56-1', 'CH4O', 32.0419, '99.9%', '国药集团', '国药试剂', '有机溶剂', '有毒易燃', '阴凉干燥处保存，远离火源', '色谱纯甲醇，用于HPLC分析'),
('550e8400-e29b-41d4-a716-446655440103', '丙酮', '67-64-1', 'C3H6O', 58.0791, '99.5%', '西陇科学', '西陇试剂', '有机溶剂', '易燃', '阴凉干燥处保存，远离火源', '分析纯丙酮，用于清洗和萃取'),
('550e8400-e29b-41d4-a716-446655440104', '氯化钠', '7647-14-5', 'NaCl', 58.4428, '99.5%', '国药集团', '国药试剂', '无机盐', '无害', '干燥处保存', '分析纯氯化钠，用于配制缓冲液'),
('550e8400-e29b-41d4-a716-446655440105', '硫酸', '7664-93-9', 'H2SO4', 98.0785, '98%', '国药集团', '国药试剂', '无机酸', '强腐蚀性', '阴凉干燥处保存，防止泄漏', '浓硫酸，用于消解和分析'),
('550e8400-e29b-41d4-a716-446655440106', '氢氧化钠', '1310-73-2', 'NaOH', 39.9971, '96%', '西陇科学', '西陇试剂', '无机碱', '强腐蚀性', '密封保存，防潮', '分析纯氢氧化钠，用于调节pH'),
('550e8400-e29b-41d4-a716-446655440107', '葡萄糖', '50-99-7', 'C6H12O6', 180.1559, '99%', 'Sigma', 'Sigma-Aldrich', '生物试剂', '无害', '干燥处保存', 'D-葡萄糖，用于细胞培养'),
('550e8400-e29b-41d4-a716-446655440108', 'EDTA', '60-00-4', 'C10H16N2O8', 292.2426, '99%', 'Sigma', 'Sigma-Aldrich', '螯合剂', '低毒', '干燥处保存', '乙二胺四乙酸，用于螯合金属离子'),
('550e8400-e29b-41d4-a716-446655440109', '甲基橙', '547-58-0', 'C14H14N3NaO3S', 327.3336, '98%', '天津化学', '天津试剂', '指示剂', '低毒', '避光保存', 'pH指示剂，变色范围3.1-4.4'),
('550e8400-e29b-41d4-a716-446655440110', '酚酞', '77-09-8', 'C20H14O4', 318.3230, '98%', '天津化学', '天津试剂', '指示剂', '低毒', '避光保存', 'pH指示剂，变色范围8.2-10.0');

-- 插入库存数据
INSERT INTO inventory (id, reagent_id, laboratory_id, batch_number, quantity, unit, expiry_date, purchase_date, purchase_price, location, min_stock_level, created_by) VALUES
('550e8400-e29b-41d4-a716-446655440021', '550e8400-e29b-41d4-a716-446655440101', '550e8400-e29b-41d4-a716-446655440001', 'ET20240101', 1850.0, 'mL', '2025-12-31', '2024-01-15', 45.00, 'A1-01', 500.0, '550e8400-e29b-41d4-a716-446655440012'),
('550e8400-e29b-41d4-a716-446655440022', '550e8400-e29b-41d4-a716-446655440102', '550e8400-e29b-41d4-a716-446655440001', 'MT20240102', 920.0, 'mL', '2025-06-30', '2024-01-15', 85.00, 'A1-02', 200.0, '550e8400-e29b-41d4-a716-446655440012'),
('550e8400-e29b-41d4-a716-446655440023', '550e8400-e29b-41d4-a716-446655440104', '550e8400-e29b-41d4-a716-446655440001', 'NC20240103', 412.4, 'g', '2026-12-31', '2024-01-15', 25.00, 'A2-01', 100.0, '550e8400-e29b-41d4-a716-446655440012'),
('550e8400-e29b-41d4-a716-446655440024', '550e8400-e29b-41d4-a716-446655440107', '550e8400-e29b-41d4-a716-446655440001', 'GL20240104', 223.0, 'g', '2025-08-31', '2024-01-15', 120.00, 'B1-01', 50.0, '550e8400-e29b-41d4-a716-446655440012'),
('550e8400-e29b-41d4-a716-446655440025', '550e8400-e29b-41d4-a716-446655440108', '550e8400-e29b-41d4-a716-446655440001', 'ED20240105', 97.1, 'g', '2026-03-31', '2024-01-15', 180.00, 'B1-02', 20.0, '550e8400-e29b-41d4-a716-446655440012'),
('550e8400-e29b-41d4-a716-446655440026', '550e8400-e29b-41d4-a716-446655440103', '550e8400-e29b-41d4-a716-446655440002', 'AC20240201', 1300.0, 'mL', '2025-09-30', '2024-02-01', 55.00, 'C1-01', 300.0, '550e8400-e29b-41d4-a716-446655440013'),
('550e8400-e29b-41d4-a716-446655440027', '550e8400-e29b-41d4-a716-446655440105', '550e8400-e29b-41d4-a716-446655440002', 'SA20240202', 2400.0, 'mL', '2025-12-31', '2024-02-01', 95.00, 'C2-01', 500.0, '550e8400-e29b-41d4-a716-446655440013'),
('550e8400-e29b-41d4-a716-446655440028', '550e8400-e29b-41d4-a716-446655440106', '550e8400-e29b-41d4-a716-446655440002', 'SH20240203', 496.0, 'g', '2025-11-30', '2024-02-01', 35.00, 'C2-02', 100.0, '550e8400-e29b-41d4-a716-446655440013'),
('550e8400-e29b-41d4-a716-446655440029', '550e8400-e29b-41d4-a716-446655440109', '550e8400-e29b-41d4-a716-446655440002', 'MO20240204', 49.9, 'g', '2026-06-30', '2024-02-01', 65.00, 'D1-01', 10.0, '550e8400-e29b-41d4-a716-446655440013'),
('550e8400-e29b-41d4-a716-446655440030', '550e8400-e29b-41d4-a716-446655440110', '550e8400-e29b-41d4-a716-446655440002', 'PP20240205', 24.95, 'g', '2026-06-30', '2024-02-01', 45.00, 'D1-02', 5.0, '550e8400-e29b-41d4-a716-446655440013');

SELECT 'Base data inserted successfully' as status;
